r,mean_epoch,std_epoch,count_crossed,total_seeds,fraction_never_crossed
0.0,0.0,0.0,15,15,0.0
0.2,0.2,0.4140393356054125,15,15,0.0
0.3,0.7333333333333333,0.5936168397046636,15,15,0.0
0.4,2.1333333333333333,1.0600988273786194,15,15,0.0
0.5,3.5714285714285716,2.0701966780270626,7,15,0.5333333333333333
1.0,,,0,15,1.0
